<?xml version="1.0" encoding="UTF-8"?>
<config xmlns="http://www.knime.org/2008/09/XMLConfig" xmlns:xsi="http://www.w3.org/2001/XMLSchema-instance" xsi:schemaLocation="http://www.knime.org/2008/09/XMLConfig http://www.knime.org/XMLConfig_2008_09.xsd" key="model.xml">
    <entry key="version" type="xint" value="1"/>
    <entry key="class_name" type="xstring" value="org.knime.ext.dl4j.base.DLModelPortObjectSpec"/>
    <config key="model">
        <config key="NeuralNetType">
            <entry key="array-size" type="xint" value="2"/>
            <entry key="0" type="xstring" value="MLP"/>
            <entry key="1" type="xstring" value="DEEPCONVOLUTIONAL"/>
        </config>
        <config key="LayerTypeList">
            <entry key="array-size" type="xint" value="3"/>
            <entry key="0" type="xstring" value="DENSE_LAYER"/>
            <entry key="1" type="xstring" value="DENSE_LAYER"/>
            <entry key="2" type="xstring" value="DENSE_LAYER"/>
        </config>
        <entry key="IsTrained" type="xboolean" value="false"/>
        <config key="FeatureColumsTypes">
            <entry key="array-size" type="xint" value="0"/>
        </config>
        <config key="FeatureColumsNames">
            <entry key="array-size" type="xint" value="0"/>
        </config>
        <config key="Labels">
            <entry key="array-size" type="xint" value="0"/>
        </config>
        <config key="TargetColumNames">
            <entry key="array-size" type="xint" value="0"/>
        </config>
        <entry key="LearnerType" type="xstring" value=""/>
        <entry key="ModelType" type="xstring" value=""/>
    </config>
</config>
