<?xml version="1.0" encoding="UTF-8"?>
<config xmlns="http://www.knime.org/2008/09/XMLConfig" xmlns:xsi="http://www.w3.org/2001/XMLSchema-instance" xsi:schemaLocation="http://www.knime.org/2008/09/XMLConfig http://www.knime.org/XMLConfig_2008_09.xsd" key="preprocessing">
    <config key="preprocColumns">
        <entry key="array-size" type="xint" value="8"/>
        <entry key="0" type="xstring" value="Gender (to number)"/>
        <entry key="1" type="xstring" value="family_history_with_overweight (to number)"/>
        <entry key="2" type="xstring" value="FAVC (to number)"/>
        <entry key="3" type="xstring" value="FCVC (to number)"/>
        <entry key="4" type="xstring" value="CAEC (to number)"/>
        <entry key="5" type="xstring" value="SMOKE (to number)"/>
        <entry key="6" type="xstring" value="CALC (to number)"/>
        <entry key="7" type="xstring" value="MTRANS (to number)"/>
    </config>
</config>
