<?xml version="1.0" encoding="UTF-8"?>
<config xmlns="http://www.knime.org/2008/09/XMLConfig" xmlns:xsi="http://www.w3.org/2001/XMLSchema-instance" xsi:schemaLocation="http://www.knime.org/2008/09/XMLConfig http://www.knime.org/XMLConfig_2008_09.xsd" key="MiningSchema">
    <config key="learning">
        <entry key="array-size" type="xint" value="27"/>
        <entry key="0" type="xstring" value="Time"/>
        <entry key="1" type="xstring" value="CO(GT)"/>
        <entry key="2" type="xstring" value="PT08.S1(CO)"/>
        <entry key="3" type="xstring" value="NMHC(GT)"/>
        <entry key="4" type="xstring" value="C6H6(GT)"/>
        <entry key="5" type="xstring" value="PT08.S2(NMHC)"/>
        <entry key="6" type="xstring" value="NOx(GT)"/>
        <entry key="7" type="xstring" value="PT08.S3(NOx)"/>
        <entry key="8" type="xstring" value="NO2(GT)"/>
        <entry key="9" type="xstring" value="PT08.S4(NO2)"/>
        <entry key="10" type="xstring" value="PT08.S5(O3)"/>
        <entry key="11" type="xstring" value="T"/>
        <entry key="12" type="xstring" value="RH"/>
        <entry key="13" type="xstring" value="AH"/>
        <entry key="14" type="xstring" value="CO(GT) [Binned]"/>
        <entry key="15" type="xstring" value="PT08.S1(CO) [Binned]"/>
        <entry key="16" type="xstring" value="NMHC(GT) [Binned]"/>
        <entry key="17" type="xstring" value="C6H6(GT) [Binned]"/>
        <entry key="18" type="xstring" value="PT08.S2(NMHC) [Binned]"/>
        <entry key="19" type="xstring" value="NOx(GT) [Binned]"/>
        <entry key="20" type="xstring" value="PT08.S3(NOx) [Binned]"/>
        <entry key="21" type="xstring" value="NO2(GT) [Binned]"/>
        <entry key="22" type="xstring" value="PT08.S4(NO2) [Binned]"/>
        <entry key="23" type="xstring" value="PT08.S5(O3) [Binned]"/>
        <entry key="24" type="xstring" value="T [Binned]"/>
        <entry key="25" type="xstring" value="RH [Binned]"/>
        <entry key="26" type="xstring" value="AH [Binned]"/>
    </config>
    <config key="target">
        <entry key="array-size" type="xint" value="1"/>
        <entry key="0" type="xstring" value="Month"/>
    </config>
</config>
