<?xml version="1.0" encoding="UTF-8"?>
<config xmlns="http://www.knime.org/2008/09/XMLConfig" xmlns:xsi="http://www.w3.org/2001/XMLSchema-instance" xsi:schemaLocation="http://www.knime.org/2008/09/XMLConfig http://www.knime.org/XMLConfig_2008_09.xsd" key="model.xml">
    <entry key="version" type="xint" value="1"/>
    <entry key="class_name" type="xstring" value="org.knime.base.data.normalize.NormalizerPortObject"/>
    <config key="model">
        <config key="columns">
            <config key="CO(GT)">
                <entry key="column_name" type="xstring" value="CO(GT)"/>
                <entry key="column_scale" type="xdouble" value="0.0847457627118644"/>
                <entry key="column_translate" type="xdouble" value="-0.00847457627118644"/>
                <entry key="column_min" type="xdouble" value="0.0"/>
                <entry key="column_max" type="xdouble" value="1.0"/>
            </config>
            <config key="PT08.S1(CO)">
                <entry key="column_name" type="xstring" value="PT08.S1(CO)"/>
                <entry key="column_scale" type="xdouble" value="7.178750897343862E-4"/>
                <entry key="column_translate" type="xdouble" value="-0.4644651830581479"/>
                <entry key="column_min" type="xdouble" value="0.0"/>
                <entry key="column_max" type="xdouble" value="1.0"/>
            </config>
            <config key="NMHC(GT)">
                <entry key="column_name" type="xstring" value="NMHC(GT)"/>
                <entry key="column_scale" type="xdouble" value="8.460236886632825E-4"/>
                <entry key="column_translate" type="xdouble" value="-0.005922165820642978"/>
                <entry key="column_min" type="xdouble" value="0.0"/>
                <entry key="column_max" type="xdouble" value="1.0"/>
            </config>
            <config key="C6H6(GT)">
                <entry key="column_name" type="xstring" value="C6H6(GT)"/>
                <entry key="column_scale" type="xdouble" value="0.015723270440251572"/>
                <entry key="column_translate" type="xdouble" value="-0.0015723270440251573"/>
                <entry key="column_min" type="xdouble" value="0.0"/>
                <entry key="column_max" type="xdouble" value="1.0"/>
            </config>
            <config key="PT08.S2(NMHC)">
                <entry key="column_name" type="xstring" value="PT08.S2(NMHC)"/>
                <entry key="column_scale" type="xdouble" value="5.461496450027307E-4"/>
                <entry key="column_translate" type="xdouble" value="-0.20917531403604586"/>
                <entry key="column_min" type="xdouble" value="0.0"/>
                <entry key="column_max" type="xdouble" value="1.0"/>
            </config>
            <config key="NOx(GT)">
                <entry key="column_name" type="xstring" value="NOx(GT)"/>
                <entry key="column_scale" type="xdouble" value="6.770480704129993E-4"/>
                <entry key="column_translate" type="xdouble" value="-0.0013540961408259986"/>
                <entry key="column_min" type="xdouble" value="0.0"/>
                <entry key="column_max" type="xdouble" value="1.0"/>
            </config>
            <config key="PT08.S3(NOx)">
                <entry key="column_name" type="xstring" value="PT08.S3(NOx)"/>
                <entry key="column_scale" type="xdouble" value="4.2354934349851756E-4"/>
                <entry key="column_translate" type="xdouble" value="-0.13638288860652265"/>
                <entry key="column_min" type="xdouble" value="0.0"/>
                <entry key="column_max" type="xdouble" value="1.0"/>
            </config>
            <config key="NO2(GT)">
                <entry key="column_name" type="xstring" value="NO2(GT)"/>
                <entry key="column_scale" type="xdouble" value="0.0029585798816568047"/>
                <entry key="column_translate" type="xdouble" value="-0.005917159763313609"/>
                <entry key="column_min" type="xdouble" value="0.0"/>
                <entry key="column_max" type="xdouble" value="1.0"/>
            </config>
            <config key="PT08.S4(NO2)">
                <entry key="column_name" type="xstring" value="PT08.S4(NO2)"/>
                <entry key="column_scale" type="xdouble" value="4.496402877697842E-4"/>
                <entry key="column_translate" type="xdouble" value="-0.2477517985611511"/>
                <entry key="column_min" type="xdouble" value="0.0"/>
                <entry key="column_max" type="xdouble" value="1.0"/>
            </config>
            <config key="PT08.S5(O3)">
                <entry key="column_name" type="xstring" value="PT08.S5(O3)"/>
                <entry key="column_scale" type="xdouble" value="4.344048653344917E-4"/>
                <entry key="column_translate" type="xdouble" value="-0.09600347523892266"/>
                <entry key="column_min" type="xdouble" value="0.0"/>
                <entry key="column_max" type="xdouble" value="1.0"/>
            </config>
            <config key="T">
                <entry key="column_name" type="xstring" value="T"/>
                <entry key="column_scale" type="xdouble" value="0.021505376344086023"/>
                <entry key="column_translate" type="xdouble" value="0.04086021505376344"/>
                <entry key="column_min" type="xdouble" value="0.0"/>
                <entry key="column_max" type="xdouble" value="1.0"/>
            </config>
            <config key="RH">
                <entry key="column_name" type="xstring" value="RH"/>
                <entry key="column_scale" type="xdouble" value="0.012578616352201259"/>
                <entry key="column_translate" type="xdouble" value="-0.11572327044025157"/>
                <entry key="column_min" type="xdouble" value="0.0"/>
                <entry key="column_max" type="xdouble" value="1.0"/>
            </config>
            <config key="AH">
                <entry key="column_name" type="xstring" value="AH"/>
                <entry key="column_scale" type="xdouble" value="0.48868689830425643"/>
                <entry key="column_translate" type="xdouble" value="-0.09026047011679617"/>
                <entry key="column_min" type="xdouble" value="0.0"/>
                <entry key="column_max" type="xdouble" value="1.0"/>
            </config>
        </config>
        <entry key="summary" type="xstring" value="Min/Max (0.0, 1) normalization on 13 column(s)"/>
    </config>
</config>
