<?xml version="1.0" encoding="UTF-8"?>
<config xmlns="http://www.knime.org/2008/09/XMLConfig" xmlns:xsi="http://www.w3.org/2001/XMLSchema-instance" xsi:schemaLocation="http://www.knime.org/2008/09/XMLConfig http://www.knime.org/XMLConfig_2008_09.xsd" key="model.xml">
    <entry key="version" type="xint" value="1"/>
    <entry key="class_name" type="xstring" value="org.knime.distance.DistanceMeasurePortSpec"/>
    <config key="model">
        <entry key="distance-spec-version" type="xstring" value="1"/>
        <config key="columns">
            <entry key="array-size" type="xint" value="12"/>
            <entry key="0" type="xstring" value="CO(GT)"/>
            <entry key="1" type="xstring" value="PT08.S1(CO)"/>
            <entry key="2" type="xstring" value="C6H6(GT)"/>
            <entry key="3" type="xstring" value="PT08.S2(NMHC)"/>
            <entry key="4" type="xstring" value="NOx(GT)"/>
            <entry key="5" type="xstring" value="PT08.S3(NOx)"/>
            <entry key="6" type="xstring" value="NO2(GT)"/>
            <entry key="7" type="xstring" value="PT08.S4(NO2)"/>
            <entry key="8" type="xstring" value="PT08.S5(O3)"/>
            <entry key="9" type="xstring" value="T"/>
            <entry key="10" type="xstring" value="RH"/>
            <entry key="11" type="xstring" value="AH"/>
        </config>
        <config key="distance-characteristics">
            <entry key="array-size" type="xint" value="1"/>
            <entry key="0" type="xstring" value="METRIC"/>
        </config>
        <entry key="distance-measure-type" type="xstring" value="org.knime.distance.measure.numerical.lnorm.LNormDistanceFactory"/>
    </config>
</config>
