<?xml version="1.0" encoding="UTF-8"?>
<config xmlns="http://www.knime.org/2008/09/XMLConfig" xmlns:xsi="http://www.w3.org/2001/XMLSchema-instance" xsi:schemaLocation="http://www.knime.org/2008/09/XMLConfig http://www.knime.org/XMLConfig_2008_09.xsd" key="model.xml">
    <entry key="version" type="xint" value="1"/>
    <entry key="class_name" type="xstring" value="org.knime.ext.dl4j.base.DLModelPortObjectSpec"/>
    <config key="model">
        <config key="NeuralNetType">
            <entry key="array-size" type="xint" value="2"/>
            <entry key="0" type="xstring" value="MLP"/>
            <entry key="1" type="xstring" value="DEEPCONVOLUTIONAL"/>
        </config>
        <config key="LayerTypeList">
            <entry key="array-size" type="xint" value="4"/>
            <entry key="0" type="xstring" value="DENSE_LAYER"/>
            <entry key="1" type="xstring" value="DENSE_LAYER"/>
            <entry key="2" type="xstring" value="DENSE_LAYER"/>
            <entry key="3" type="xstring" value="OUTPUT_LAYER"/>
        </config>
        <entry key="IsTrained" type="xboolean" value="true"/>
        <config key="FeatureColumsTypes">
            <entry key="array-size" type="xint" value="11"/>
            <entry key="0" type="xstring" value="Number (double)"/>
            <entry key="1" type="xstring" value="Number (double)"/>
            <entry key="2" type="xstring" value="Number (double)"/>
            <entry key="3" type="xstring" value="Number (double)"/>
            <entry key="4" type="xstring" value="Number (double)"/>
            <entry key="5" type="xstring" value="Number (double)"/>
            <entry key="6" type="xstring" value="Number (double)"/>
            <entry key="7" type="xstring" value="Number (double)"/>
            <entry key="8" type="xstring" value="Number (double)"/>
            <entry key="9" type="xstring" value="Number (double)"/>
            <entry key="10" type="xstring" value="Number (double)"/>
        </config>
        <config key="FeatureColumsNames">
            <entry key="array-size" type="xint" value="11"/>
            <entry key="0" type="xstring" value="CO(GT)"/>
            <entry key="1" type="xstring" value="PT08.S1(CO)"/>
            <entry key="2" type="xstring" value="C6H6(GT)"/>
            <entry key="3" type="xstring" value="PT08.S2(NMHC)"/>
            <entry key="4" type="xstring" value="NOx(GT)"/>
            <entry key="5" type="xstring" value="PT08.S3(NOx)"/>
            <entry key="6" type="xstring" value="NO2(GT)"/>
            <entry key="7" type="xstring" value="PT08.S4(NO2)"/>
            <entry key="8" type="xstring" value="PT08.S5(O3)"/>
            <entry key="9" type="xstring" value="RH"/>
            <entry key="10" type="xstring" value="AH"/>
        </config>
        <config key="Labels">
            <entry key="array-size" type="xint" value="0"/>
        </config>
        <config key="TargetColumNames">
            <entry key="array-size" type="xint" value="1"/>
            <entry key="0" type="xstring" value="T"/>
        </config>
        <entry key="LearnerType" type="xstring" value="feedforward_regression"/>
        <entry key="ModelType" type="xstring" value="MLN"/>
    </config>
</config>
